<?xml version="1.0" encoding="UTF-8"?>
<beans xmlns="http://www.springframework.org/schema/beans"
	xmlns:context="http://www.springframework.org/schema/context"
	xmlns:mvc="http://www.springframework.org/schema/mvc" xmlns:xsi="http://www.w3.org/2001/XMLSchema-instance"
	xmlns:p="http://www.springframework.org/schema/p"
	xsi:schemaLocation="
        http://www.springframework.org/schema/beans     
        http://www.springframework.org/schema/beans/spring-beans-4.0.xsd
        http://www.springframework.org/schema/context
        http://www.springframework.org/schema/context/spring-context-4.0.xsd
        http://www.springframework.org/schema/mvc
        http://www.springframework.org/schema/mvc/spring-mvc-4.0.xsd">

	<context:component-scan base-package="com.lb.safewatch.controller" />

	<mvc:annotation-driven>
		<mvc:message-converters register-defaults="true">
			<bean
				class="org.springframework.http.converter.json.MappingJackson2HttpMessageConverter">
				<property name="objectMapper">
					<bean class="com.lb.safewatch.util.JacksonObjectMapperEx">
						<property name="serializationInclusion">
							<value type="com.fasterxml.jackson.annotation.JsonInclude.Include">NON_NULL</value>
						</property>
					</bean>
				</property>
			</bean>
		</mvc:message-converters>
	</mvc:annotation-driven>

	<bean name="sideApi" scope="singleton" class="com.side.ofac.API.SideApi" />

	<bean name="loginRequest" class="com.side.ofac.API.LoginRequest"
		scope="singleton">
		<property name="user" value="lbrt_api" />
		<property name="application" value="SafeWatch API" />
		<property name="loginFile" value="/assets/lbrt_api.swl" />
		<property name="password" value="lbrt1234" />
		<property name="serverIp" value="192.168.4.26" />
		<property name="serverPort" value="8401" />
		<property name="zoneId" value="2" />
	</bean>

	<mvc:interceptors>
<!-- 		<mvc:interceptor> -->
<!-- 			<mvc:mapping path="/**"/> -->
<!-- 			<bean class="com.lb.safewatch.util.LogInterceptor"> -->
<!-- 			</bean> -->
<!-- 		</mvc:interceptor> -->
		<mvc:interceptor>
			<mvc:mapping path="/**" />
			<mvc:exclude-mapping path="/logIn" />
			<mvc:exclude-mapping path="/logOut" />
			<bean class="com.lb.safewatch.util.TimeOutBasedLoginInterceptor">
				<property name="loginRequest" ref="loginRequest"></property>
				<property name="api" ref="sideApi"></property>
			</bean>
		</mvc:interceptor>
	</mvc:interceptors>

</beans>
