<?xml version="1.0" encoding="UTF-8"?>
<log4j:configuration debug="true"
	xmlns:log4j='http://jakarta.apache.org/log4j/'>
	<appender name="console" class="org.apache.log4j.ConsoleAppender">
		<layout class="org.apache.log4j.PatternLayout">
			<param name="ConversionPattern" value="%d{yyyy-MM-dd HH:mm:ss} %-5p %c{1}:%L - %m%n" />
		</layout>
	</appender>

	<appender name="FileAppender" class="org.apache.log4j.DailyRollingFileAppender">
		<param name="File" value="C:/SafeWatchApiLog/log.log" />
		<param name="Append" value="true" />
		<layout class="org.apache.log4j.PatternLayout">
			<param name="ConversionPattern" value="%d{yyyy-MM-dd HH:mm:ss} %-5p %c{1}:%L - %m%n" />
		</layout>
	</appender>

	<root>
		<level value="DEBUG" />
		<appender-ref ref="console" />
	</root>

	<logger name="org.springframework.web">
		<level value="DEBUG" />
		<appender-ref ref="FileAppender" />
	</logger>

	<logger name="com.lb.safewatch.controller.SafeWatchController">
		<level value="INFO" />
		<appender-ref ref="FileAppender" />
	</logger>

	<logger name="com.lb.safewatch.util.LogInterceptor">
		<level value="INFO" />
		<appender-ref ref="FileAppender" />
	</logger>
	
	<logger name="com.lb.safewatch.util.TimeOutBasedLoginInterceptor">
		<level value="INFO" />
		<appender-ref ref="FileAppender" />
	</logger>

</log4j:configuration>